mean_ms,p50_ms,p90_ms
55.31751220555367,19.65974999620812,22.631750005530193
