policy,mean_ms,p50_ms,p90_ms
raw,0.0729403974366377,0.0730760000067221,0.08992229999762458
weak,0.07811564102830278,0.081271499993818,0.09320829999523994
pseudo,0.08874756410684825,0.08820900001182963,0.10076330001425049
redact,0.08461462820281877,0.08907049999606897,0.10098919999563805
adaptive,0.9941155769246425,0.8842260000108126,0.9871406000229399
