policy,leak_text_avg,leak_asr_avg,leak_image_avg,leak_waveform_avg,leak_audio_avg,leak_total,utility_proxy,mean_latency_ms,p50_latency_ms,p90_latency_ms
raw,0.5128,0.5128,0.7436,0.5128,0.7436,3.0256,1.0,0.072,0.072,0.09
weak,0.5128,0.0,0.7436,0.0,0.7436,2.0,0.512195,0.076,0.08,0.089
pseudo,0.5128,0.0,0.0,0.0,0.0,0.5128,1.0,0.087,0.089,0.102
redact,0.5128,0.0,0.0,0.0,0.0,0.5128,0.505051,0.082,0.088,0.102
adaptive,0.359,0.0,0.1026,0.0,0.1026,0.5641,1.0,0.962,0.881,0.995
