{
  "timestamp": "2026-03-13T11:04:05.112159",
  "latency_summary": {
    "mean_ms": 55.31751220555367,
    "p50_ms": 19.65974999620812,
    "p90_ms": 22.631750005530193
  }
}